Evaluation/NumTrajs,policy/Entropy,policy/LossBefore,TotalEnvSteps,LinearFeatureBaseline/ExplainedVariance,policy/KLBefore,policy/LossAfter,ProcessExecTime,policy/Perplexity,PolicyExecTime,Extras/EpisodeRewardMean,Evaluation/StdReturn,Evaluation/AverageReturn,Evaluation/MaxReturn,Evaluation/CompletionRate,EnvExecTime,Evaluation/Iteration,Evaluation/AverageDiscountedReturn,policy/KL,policy/dLoss,Evaluation/MinReturn
92,2.83581928961833,-8.716884991599727e-09,1012,-7.349361119679543e-10,0.0,-0.05669630691409111,0.02915024757385254,17.044358847824018,0.480271577835083,-5122.656219804659,6669.698967847005,-5122.656219804659,-46.10959704730889,0.0,0.6941208839416504,0,-5122.656219804658,0.009347346,0.05669629819720612,-22000.0
92,2.8148576940001235,2.4030331502444824e-08,2024,0.207279366658903,0.0,-0.050069812685251236,0.02926468849182129,16.690800410279493,0.1977522373199463,-3905.8490908962995,5980.064084897314,-3683.635379355236,-46.66111005406544,0.0,0.2796916961669922,1,-3683.635379355236,0.0067042066,0.05006983671558274,-21881.440712393764
92,2.8092779227396245,9.659251176685757e-09,3036,-0.24768963583117132,0.0,-0.03892099857330322,0.03184318542480469,16.597928903671054,0.23557639122009277,-1568.1270766938565,2631.5370585427913,-1298.590463973607,-44.915353102758175,0.0,0.30708956718444824,2,-1298.590463973607,0.0068667913,0.0389210082325544,-14300.112056607526
92,2.783339187561759,-9.42365963041425e-10,4048,0.14797465020275846,0.0,-0.042262300848960876,0.030474185943603516,16.172935347334477,0.21186280250549316,-771.2446749946675,1985.0770199965493,-745.5269577785459,-39.779284638106176,0.0,0.2897684574127197,3,-745.5269577785459,0.009922374,0.04226229990659491,-12075.272229667105
